"Model","RMSE","R_squared"
"Linear Regression",6.13342034154764,0.897745304765787
"Random Forest",9.78983448247445,0.808575418949739
"XGBoost",4.5310727957215,0.945266617182992
